id,first_name,last_name,email,gender,ip_address
1,Lanae,Matura,lmatura0@ed.gov,Female,208.118.65.133
2,Aurelea,Braine,abraine1@reference.com,Female,143.174.180.210
3,Candide,Cordall,ccordall2@bloomberg.com,Female,86.1.233.100
4,Nichols,Gopsill,ngopsill3@merriam-webster.com,Male,72.63.101.152
5,Chryste,Gladden,cgladden4@state.tx.us,Female,216.50.96.143
6,Rodge,Chrystie,rchrystie5@tuttocitta.it,Male,151.149.232.235
7,Leesa,Giraudot,lgiraudot6@yahoo.co.jp,Female,207.114.52.120
8,Marrissa,Ruseworth,mruseworth7@vistaprint.com,Female,143.101.185.75
9,Lemar,Blything,lblything8@webmd.com,Male,99.112.24.101
10,Anica,Lillistone,alillistone9@wufoo.com,Female,83.151.117.207
11,Robyn,Joselson,rjoselsona@oakley.com,Female,114.226.23.241
12,Crosby,Game,cgameb@feedburner.com,Male,38.200.81.16
13,Olag,Rennolds,orennoldsc@yolasite.com,Male,146.141.159.58
14,Clevey,Winborn,cwinbornd@usa.gov,Male,216.213.81.19
15,Rudolf,De Brett,rdebrette@utexas.edu,Male,113.138.104.49
16,Rayshell,Swansborough,rswansboroughf@weather.com,Female,248.255.243.115
17,Maddy,Formilli,mformillig@so-net.ne.jp,Female,58.203.54.171
18,Fields,Slegg,fsleggh@japanpost.jp,Male,183.121.20.251
19,Gerek,Weagener,gweageneri@arizona.edu,Male,36.194.171.65
20,Garold,Arnowitz,garnowitzj@github.io,Male,47.109.220.168
21,Glyn,Testo,gtestok@php.net,Male,27.37.75.154
22,Benjy,Gridley,bgridleyl@weibo.com,Male,7.18.127.217
23,Jacquelyn,Scawn,jscawnm@wordpress.com,Female,40.63.207.56
24,Seth,Rewcastle,srewcastlen@cam.ac.uk,Male,232.46.20.245
25,Rhodia,Draper,rdrapero@desdev.cn,Female,144.171.175.155
26,Flynn,Tebbitt,ftebbittp@livejournal.com,Male,57.146.200.208
27,Julieta,Baysting,jbaystingq@japanpost.jp,Female,231.39.22.157
28,Giustino,Simons,gsimonsr@sohu.com,Male,210.11.240.23
29,Glenine,Melland,gmellands@behance.net,Female,203.106.43.118
30,Raina,Tyndall,rtyndallt@si.edu,Female,50.250.2.250
31,Chrysa,Syncke,csynckeu@dagondesign.com,Female,103.85.44.180
32,Ches,Fayre,cfayrev@huffingtonpost.com,Male,166.1.18.165
33,Rodrique,Munslow,rmunsloww@merriam-webster.com,Male,87.165.62.191
34,Iggie,Gillimgham,igillimghamx@bloglines.com,Male,58.134.74.201
35,Nicko,Timmens,ntimmensy@uol.com.br,Male,75.233.15.3
36,Boigie,Tomasini,btomasiniz@japanpost.jp,Male,120.150.68.16
37,Ezechiel,Deason,edeason10@google.cn,Male,162.215.85.72
38,Far,Philson,fphilson11@instagram.com,Male,88.19.58.81
39,Penny,Jakobsson,pjakobsson12@nbcnews.com,Female,169.122.59.69
40,Felix,Cossell,fcossell13@biglobe.ne.jp,Male,174.114.7.24
41,Hermy,Sneesbie,hsneesbie14@blogtalkradio.com,Male,236.74.147.0
42,Sybille,Henworth,shenworth15@patch.com,Female,67.27.219.27
43,Carlye,Chark,cchark16@zimbio.com,Female,138.168.243.59
44,Gradey,Philpin,gphilpin17@geocities.jp,Male,101.244.15.104
45,Alejandrina,Cagan,acagan18@digg.com,Female,64.59.92.141
46,Jerald,Dingate,jdingate19@nydailynews.com,Male,13.35.91.57
47,Sandor,Kimbrey,skimbrey1a@t-online.de,Male,66.225.21.105
48,Shawn,Pinard,spinard1b@ted.com,Female,161.182.96.215
49,Alexandra,Dewicke,adewicke1c@nymag.com,Female,101.98.173.24
50,Van,Ghilardini,vghilardini1d@bing.com,Female,51.150.234.241
51,Lane,Cleverley,lcleverley1e@webmd.com,Male,97.41.204.176
52,Homerus,Wederell,hwederell1f@skyrock.com,Male,193.200.22.82
53,Reagan,Matthieson,rmatthieson1g@tiny.cc,Male,177.165.39.118
54,Chance,Hanning,channing1h@reuters.com,Male,199.214.226.142
55,Derron,Froud,dfroud1i@yahoo.com,Male,232.71.130.23
56,Koralle,Beaby,kbeaby1j@cocolog-nifty.com,Female,6.140.44.238
57,Hollis,Izatson,hizatson1k@paginegialle.it,Male,127.124.133.198
58,Sholom,Vink,svink1l@booking.com,Male,199.107.197.196
59,Eran,Eastcourt,eeastcourt1m@whitehouse.gov,Female,87.164.123.33
60,Lancelot,Heijne,lheijne1n@sbwire.com,Male,215.9.186.72
61,Melloney,Southall,msouthall1o@cdc.gov,Female,249.31.79.48
62,Mari,Polden,mpolden1p@creativecommons.org,Female,82.127.239.253
63,Ted,Braybrooks,tbraybrooks1q@businessinsider.com,Male,203.230.45.111
64,Bee,Hurdedge,bhurdedge1r@deliciousdays.com,Female,82.212.151.161
65,Rowland,Hairsnape,rhairsnape1s@alibaba.com,Male,39.238.236.79
66,Shaylynn,Seedhouse,sseedhouse1t@simplemachines.org,Female,234.6.103.194
67,Amelie,Gregory,agregory1u@theatlantic.com,Female,244.147.111.40
68,Antonin,Petracchi,apetracchi1v@si.edu,Male,59.50.96.192
69,Hirsch,Hellwich,hhellwich1w@freewebs.com,Male,112.128.136.207
70,Giles,Girodon,ggirodon1x@ask.com,Male,112.218.184.144
71,Zaccaria,Low,zlow1y@unicef.org,Male,161.104.241.71
72,Janine,O'Corrigane,jocorrigane1z@gizmodo.com,Female,159.252.231.146
73,Dalton,Dimitrov,ddimitrov20@google.co.uk,Male,30.176.203.126
74,Noni,Sibylla,nsibylla21@state.gov,Female,138.72.47.215
75,Noella,Beney,nbeney22@apache.org,Female,173.7.6.194
76,Tammi,Gullen,tgullen23@engadget.com,Female,47.116.0.12
77,Claudian,Bellas,cbellas24@auda.org.au,Male,126.106.210.120
78,Allyson,Sirmond,asirmond25@epa.gov,Female,89.229.210.177
79,Maxim,Tomkinson,mtomkinson26@ucsd.edu,Male,57.10.28.165
80,Friederike,Fanning,ffanning27@printfriendly.com,Female,23.79.122.109
81,Jerome,Cownden,jcownden28@independent.co.uk,Male,182.152.147.179
82,Tersina,Madison,tmadison29@nih.gov,Female,80.75.247.195
83,Selia,Scoggan,sscoggan2a@squidoo.com,Female,180.43.39.34
84,Andre,Leeming,aleeming2b@digg.com,Male,18.158.247.93
85,Cyrill,Tremellier,ctremellier2c@howstuffworks.com,Male,179.9.22.15
86,Hermon,Anwell,hanwell2d@infoseek.co.jp,Male,110.134.232.255
87,Lovell,Mullins,lmullins2e@google.com.au,Male,199.33.185.248
88,Benedikta,Rozec,brozec2f@umich.edu,Female,66.112.219.84
89,Xever,Cordeau],xcordeau2g@cornell.edu,Male,6.226.67.100
90,Urbain,Adamek,uadamek2h@about.me,Male,59.232.84.12
91,Lauritz,Corrigan,lcorrigan2i@hostgator.com,Male,65.187.153.33
92,Derwin,Edgson,dedgson2j@reverbnation.com,Male,114.8.95.0
93,Ingunna,Denizet,idenizet2k@paypal.com,Female,91.32.28.203
94,Baldwin,Leynton,bleynton2l@wikispaces.com,Male,159.125.21.115
95,Betsy,Woodcraft,bwoodcraft2m@tumblr.com,Female,105.40.56.165
96,Genia,Rockwell,grockwell2n@psu.edu,Female,28.108.100.224
97,Rubetta,Coolican,rcoolican2o@privacy.gov.au,Female,180.223.30.196
98,Alida,Gluyus,agluyus2p@marketwatch.com,Female,160.223.208.19
99,Joete,Galbraeth,jgalbraeth2q@unicef.org,Female,150.242.150.178
100,Dot,Benka,dbenka2r@cbc.ca,Female,166.233.255.35
101,Nelie,Congreve,ncongreve2s@yahoo.com,Female,74.92.255.230
102,Egon,McLurg,emclurg2t@rediff.com,Male,182.90.172.119
103,Gilli,Slyvester,gslyvester2u@newsvine.com,Female,72.22.214.7
104,Barry,Shillan,bshillan2v@miitbeian.gov.cn,Female,218.176.136.201
105,Pietrek,Bigland,pbigland2w@virginia.edu,Male,126.65.50.94
106,Hazlett,Cullerne,hcullerne2x@jigsy.com,Male,129.178.142.125
107,Sorcha,Tirone,stirone2y@sphinn.com,Female,215.41.239.190
108,Netty,McKinney,nmckinney2z@salon.com,Female,68.95.172.50
109,Dicky,Eskriett,deskriett30@apache.org,Male,131.68.155.74
110,Jeniece,Slesser,jslesser31@paypal.com,Female,198.27.93.102
111,Jock,Rulton,jrulton32@ibm.com,Male,41.63.51.185
112,Siouxie,O'Corhane,socorhane33@wordpress.com,Female,12.237.70.60
113,Barnebas,Dunford,bdunford34@reddit.com,Male,171.0.61.70
114,Lindon,Bartaloni,lbartaloni35@storify.com,Male,254.50.112.18
115,Rusty,Ramlot,rramlot36@google.co.jp,Male,92.20.242.59
116,Isabel,Snodin,isnodin37@ebay.com,Female,100.203.70.55
117,Fernanda,Lohmeyer,flohmeyer38@yahoo.co.jp,Female,139.100.39.32
118,Gayla,Lewerenz,glewerenz39@theguardian.com,Female,182.51.247.165
119,Allina,Bausor,abausor3a@wikispaces.com,Female,58.112.222.0
120,Chelsie,Semens,csemens3b@google.it,Female,89.17.212.135
121,Marcile,Polino,mpolino3c@a8.net,Female,77.188.196.171
122,Antonietta,Ivashnyov,aivashnyov3d@cnet.com,Female,205.41.235.70
123,Reed,Bedell,rbedell3e@google.es,Male,158.217.19.173
124,Konstantin,Dorber,kdorber3f@netscape.com,Male,71.104.148.20
125,Skippy,Assante,sassante3g@360.cn,Male,123.44.196.93
126,Marylinda,Birley,mbirley3h@discovery.com,Female,249.113.152.192
127,Alistair,Eliassen,aeliassen3i@prnewswire.com,Male,92.97.184.190
128,Leone,Kilpatrick,lkilpatrick3j@tinyurl.com,Female,195.213.150.41
129,Paige,Trevan,ptrevan3k@webnode.com,Male,177.9.32.143
130,Riordan,Peachman,rpeachman3l@yale.edu,Male,252.110.199.85
131,Sandye,Rigg,srigg3m@blogtalkradio.com,Female,84.183.115.215
132,Hirsch,Pooke,hpooke3n@cbslocal.com,Male,131.30.60.35
133,Ettore,Woolam,ewoolam3o@cdbaby.com,Male,99.65.147.13
134,Winna,Dinan,wdinan3p@technorati.com,Female,16.202.120.135
135,Fredericka,Cockrill,fcockrill3q@meetup.com,Female,228.216.199.50
136,Adelice,Goulter,agoulter3r@lulu.com,Female,186.7.226.125
137,Sisely,Speerman,sspeerman3s@webnode.com,Female,230.38.135.179
138,Orv,Crannage,ocrannage3t@jigsy.com,Male,88.29.44.238
139,Ivor,Storah,istorah3u@amazon.com,Male,247.21.72.182
140,Jacinthe,Pegram,jpegram3v@facebook.com,Female,70.246.198.122
141,Modesta,Fforde,mfforde3w@mysql.com,Female,192.33.145.43
142,Nathalie,Boichat,nboichat3x@uiuc.edu,Female,105.189.236.34
143,Reeba,Kerner,rkerner3y@wordpress.com,Female,166.152.103.91
144,Barbee,Hutchison,bhutchison3z@sitemeter.com,Female,239.76.201.63
145,Lynnell,Reder,lreder40@is.gd,Female,23.181.201.70
146,Cosette,Abelevitz,cabelevitz41@foxnews.com,Female,126.135.204.169
147,Worden,Bergin,wbergin42@theguardian.com,Male,247.50.162.232
148,Jada,Argue,jargue43@list-manage.com,Female,252.178.132.153
149,Aloin,Gawen,agawen44@bloomberg.com,Male,18.113.155.245
150,Steffie,Traise,straise45@multiply.com,Female,248.124.156.141
151,Carmelita,McLoughlin,cmcloughlin46@surveymonkey.com,Female,116.156.229.204
152,Reagen,Barron,rbarron47@fastcompany.com,Male,86.172.125.235
153,Zerk,Fields,zfields48@netlog.com,Male,55.206.164.8
154,Simeon,Stickford,sstickford49@netvibes.com,Male,244.18.145.135
155,Maressa,Delicate,mdelicate4a@ning.com,Female,25.56.18.199
156,Dela,Lukasik,dlukasik4b@wikia.com,Female,156.0.91.138
157,Brinn,Novelli,bnovelli4c@nifty.com,Female,117.134.229.231
158,Toma,Killen,tkillen4d@jalbum.net,Female,109.195.246.203
159,Irvin,Turmel,iturmel4e@arstechnica.com,Male,138.140.146.31
160,Christophorus,Fryd,cfryd4f@slideshare.net,Male,132.132.224.248
161,Waylon,Imort,wimort4g@smh.com.au,Male,170.248.158.153
162,Jacob,Bolsover,jbolsover4h@deliciousdays.com,Male,44.200.174.18
163,Stefania,Hulk,shulk4i@com.com,Female,63.133.173.158
164,Adoree,Gyenes,agyenes4j@cnn.com,Female,125.67.1.161
165,Daphna,Brimmell,dbrimmell4k@shareasale.com,Female,165.239.63.129
166,Caspar,Foran,cforan4l@cmu.edu,Male,51.231.155.141
167,Ludovika,Quarrington,lquarrington4m@google.cn,Female,122.25.143.4
168,Nev,Nevill,nnevill4n@etsy.com,Male,20.26.174.196
169,Gleda,Doneld,gdoneld4o@dailymail.co.uk,Female,159.15.47.225
170,Berkly,Wassell,bwassell4p@illinois.edu,Male,127.169.36.47
171,Bert,Casewell,bcasewell4q@shutterfly.com,Male,152.161.24.45
172,Mellisent,Statton,mstatton4r@nps.gov,Female,40.140.36.207
173,Beatriz,MacPherson,bmacpherson4s@nasa.gov,Female,158.68.211.219
174,Pen,Borchardt,pborchardt4t@theguardian.com,Male,14.211.75.122
175,Dena,Abbett,dabbett4u@jiathis.com,Female,142.43.94.150
176,Lothaire,McKeefry,lmckeefry4v@spotify.com,Male,215.246.46.37
177,Barby,Bridges,bbridges4w@timesonline.co.uk,Female,72.136.132.30
178,Francesco,Wyper,fwyper4x@npr.org,Male,66.136.150.46
179,Lek,Camplin,lcamplin4y@com.com,Male,20.114.113.5
180,Cord,Oaker,coaker4z@cafepress.com,Male,39.117.136.41
181,Westbrook,Toun,wtoun50@soundcloud.com,Male,239.6.157.234
182,Claudius,Trenchard,ctrenchard51@canalblog.com,Male,76.133.134.218
183,Gaven,Watsham,gwatsham52@theglobeandmail.com,Male,169.246.139.200
184,Gabbie,Tardiff,gtardiff53@marketwatch.com,Female,83.174.3.13
185,Minnaminnie,Leban,mleban54@vinaora.com,Female,240.225.34.120
186,Peg,Fransson,pfransson55@kickstarter.com,Female,20.88.221.88
187,Lily,Petrasch,lpetrasch56@auda.org.au,Female,84.199.51.180
188,Lishe,Prendergrast,lprendergrast57@yelp.com,Female,15.191.96.84
189,Laney,Reuss,lreuss58@foxnews.com,Male,39.24.222.4
190,Packston,Rawsthorne,prawsthorne59@twitpic.com,Male,116.56.185.1
191,Ulric,de Werk,udewerk5a@smh.com.au,Male,105.65.19.206
192,Bellina,Saxelby,bsaxelby5b@shinystat.com,Female,97.32.74.221
193,Lloyd,Sowersby,lsowersby5c@wsj.com,Male,21.221.112.134
194,Win,Ladel,wladel5d@github.com,Male,26.228.149.22
195,Salomone,Palfery,spalfery5e@dailymail.co.uk,Male,249.187.29.51
196,Tonya,Tollfree,ttollfree5f@histats.com,Female,69.215.198.113
197,Peder,Craister,pcraister5g@odnoklassniki.ru,Male,253.5.227.211
198,Denny,MacGuiness,dmacguiness5h@dropbox.com,Female,141.117.116.51
199,Pris,Petto,ppetto5i@upenn.edu,Female,109.86.137.244
200,Elena,Emms,eemms5j@1688.com,Female,79.172.52.142
201,Maryanna,Hillborne,mhillborne5k@nba.com,Female,209.54.88.24
202,Lelah,Descroix,ldescroix5l@sakura.ne.jp,Female,130.254.57.41
203,Yorgo,Winterton,ywinterton5m@people.com.cn,Male,2.219.88.70
204,Natty,McKeachie,nmckeachie5n@sciencedaily.com,Male,156.190.49.105
205,Philippe,Hare,phare5o@nba.com,Female,220.149.212.76
206,Robby,Hulburt,rhulburt5p@indiatimes.com,Female,50.243.139.184
207,Laney,Denziloe,ldenziloe5q@sina.com.cn,Female,68.78.2.129
208,Zebulen,Champain,zchampain5r@sciencedirect.com,Male,213.95.136.108
209,Zola,Huxter,zhuxter5s@wp.com,Female,181.247.51.162
210,Wright,Speller,wspeller5t@earthlink.net,Male,25.124.106.96
211,Bunni,MacRury,bmacrury5u@go.com,Female,187.195.69.1
212,Cassius,Fleet,cfleet5v@cisco.com,Male,233.214.159.102
213,Marianne,Fronzek,mfronzek5w@dropbox.com,Female,126.59.27.142
214,Donny,Trolley,dtrolley5x@umn.edu,Female,178.69.10.192
215,Oralle,Fenimore,ofenimore5y@yandex.ru,Female,39.166.194.45
216,Addison,Purcell,apurcell5z@upenn.edu,Male,185.241.153.224
217,Harcourt,Sings,hsings60@istockphoto.com,Male,42.139.254.5
218,Gabie,Ishchenko,gishchenko61@state.tx.us,Female,16.206.51.172
219,Yancey,Heinecke,yheinecke62@hugedomains.com,Male,150.192.242.116
220,Denny,Loads,dloads63@arstechnica.com,Female,17.201.218.241
221,Christoforo,Hidderley,chidderley64@mapy.cz,Male,130.147.213.209
222,Sheela,Seiffert,sseiffert65@hatena.ne.jp,Female,176.182.22.189
223,Lorrin,Cherrington,lcherrington66@netscape.com,Female,44.251.101.204
224,Marley,Crouse,mcrouse67@google.com.au,Female,37.87.32.234
225,Shara,Bootland,sbootland68@mozilla.com,Female,27.108.122.40
226,Jonell,Kamall,jkamall69@yandex.ru,Female,242.130.152.238
227,Dewie,Morican,dmorican6a@latimes.com,Male,148.233.33.93
228,Trstram,Whitebread,twhitebread6b@sun.com,Male,117.14.244.103
229,Dorothea,Frid,dfrid6c@bloglines.com,Female,95.112.163.200
230,Malorie,Sieve,msieve6d@cafepress.com,Female,99.57.148.201
231,Lennie,Cherry,lcherry6e@newsvine.com,Male,129.6.207.185
232,Yardley,Labone,ylabone6f@hatena.ne.jp,Male,210.112.34.134
233,Kort,Trays,ktrays6g@samsung.com,Male,35.33.229.225
234,Katha,Swaffield,kswaffield6h@fema.gov,Female,88.26.117.149
235,Nichole,Henden,nhenden6i@opera.com,Male,72.158.132.150
236,Fawnia,Stangoe,fstangoe6j@scribd.com,Female,166.149.134.28
237,Ambrose,Riby,ariby6k@hugedomains.com,Male,91.28.125.78
238,Ivor,Kelner,ikelner6l@instagram.com,Male,212.140.242.53
239,Erminia,Bosenworth,ebosenworth6m@hubpages.com,Female,177.2.144.57
240,Gaylor,Aylward,gaylward6n@nydailynews.com,Male,38.91.194.155
241,Ingunna,Zuan,izuan6o@wix.com,Female,230.57.3.171
242,Udale,Drieu,udrieu6p@princeton.edu,Male,14.55.190.236
243,Jack,Chadburn,jchadburn6q@imageshack.us,Male,32.96.96.53
244,Henka,Gonnelly,hgonnelly6r@pen.io,Female,216.113.138.175
245,Arluene,Benoix,abenoix6s@state.tx.us,Female,172.93.87.1
246,Sheri,Roistone,sroistone6t@nsw.gov.au,Female,111.234.211.57
247,Tandi,Turnpenny,tturnpenny6u@ted.com,Female,58.17.100.169
248,Clay,Brotherheed,cbrotherheed6v@google.com.hk,Male,154.121.156.77
249,Loralee,Woltman,lwoltman6w@stanford.edu,Female,16.58.170.120
250,Viviyan,Devanny,vdevanny6x@rediff.com,Female,36.188.94.238
251,Patrizia,Duxbury,pduxbury6y@ocn.ne.jp,Female,67.165.6.229
252,Pedro,Porkiss,pporkiss6z@csmonitor.com,Male,124.211.209.142
253,Terri-jo,Klugman,tklugman70@google.com.br,Female,226.97.83.157
254,Northrop,Martyntsev,nmartyntsev71@newsvine.com,Male,55.141.27.162
255,Randell,Pell,rpell72@upenn.edu,Male,232.88.219.160
256,Maire,Pulford,mpulford73@wsj.com,Female,180.203.203.254
257,Mariejeanne,Merigeau,mmerigeau74@lulu.com,Female,41.162.185.38
258,Terza,Branthwaite,tbranthwaite75@nytimes.com,Female,251.26.221.175
259,Natalya,Mabe,nmabe76@e-recht24.de,Female,13.38.201.252
260,Starr,Heinssen,sheinssen77@google.co.jp,Female,190.91.165.6
261,Ambrosio,Scourfield,ascourfield78@paypal.com,Male,9.151.75.250
262,Toddy,Bleby,tbleby79@jiathis.com,Male,2.253.188.137
263,Brit,Brooke,bbrooke7a@phpbb.com,Male,76.184.218.33
264,Anthe,Adamovsky,aadamovsky7b@mapquest.com,Female,14.70.195.59
265,Irene,Wadesworth,iwadesworth7c@amazon.de,Female,107.75.58.241
266,Verile,Fearnside,vfearnside7d@technorati.com,Female,123.184.173.24
267,Goldina,Kimmings,gkimmings7e@slashdot.org,Female,135.188.126.178
268,Trev,Cleeve,tcleeve7f@goodreads.com,Male,159.18.170.43
269,Ethe,Gooday,egooday7g@un.org,Male,134.45.24.142
270,Urban,Hartburn,uhartburn7h@reverbnation.com,Male,247.245.81.179
271,Gerty,Goodread,ggoodread7i@miibeian.gov.cn,Female,183.157.178.243
272,Filip,Raggles,fraggles7j@webnode.com,Male,150.116.237.227
273,Harwilll,Boutflour,hboutflour7k@mtv.com,Male,88.179.22.35
274,Juliana,De la Perrelle,jdelaperrelle7l@unc.edu,Female,89.103.147.244
275,Ailis,Sterry,asterry7m@github.com,Female,88.155.215.28
276,Elisha,Croxton,ecroxton7n@drupal.org,Male,45.186.83.147
277,Rosita,Scouler,rscouler7o@sfgate.com,Female,135.163.23.118
278,Hailey,Bartolomivis,hbartolomivis7p@usgs.gov,Male,148.107.255.93
279,Chaddie,Bramhall,cbramhall7q@live.com,Male,139.236.41.162
280,Sonya,Spofford,sspofford7r@netvibes.com,Female,77.232.79.193
281,Aurel,Mordue,amordue7s@webmd.com,Female,111.42.230.5
282,Leupold,Abrami,labrami7t@shareasale.com,Male,10.44.146.136
283,Rooney,Newick,rnewick7u@prnewswire.com,Male,185.248.91.243
284,Lucien,Dabes,ldabes7v@oracle.com,Male,165.194.7.55
285,Luella,Netherwood,lnetherwood7w@rediff.com,Female,14.62.123.69
286,Annissa,Tellenbrok,atellenbrok7x@zdnet.com,Female,190.202.16.154
287,Rube,Mattisssen,rmattisssen7y@altervista.org,Male,211.152.194.118
288,Lyda,Simkovich,lsimkovich7z@alexa.com,Female,7.15.10.71
289,Janina,Rhule,jrhule80@last.fm,Female,196.201.50.214
290,Phyllis,Lamprey,plamprey81@pbs.org,Female,237.255.134.58
291,Jodi,Smithers,jsmithers82@cnn.com,Male,203.41.63.233
292,Chico,Ferrone,cferrone83@microsoft.com,Male,189.192.255.75
293,Killy,Scollard,kscollard84@utexas.edu,Male,186.207.36.115
294,Parrnell,McFall,pmcfall85@ucla.edu,Male,148.255.172.94
295,Traver,Martill,tmartill86@economist.com,Male,160.202.216.160
296,Keir,Wimbush,kwimbush87@thetimes.co.uk,Male,2.247.220.103
297,Julissa,Feacham,jfeacham88@webnode.com,Female,55.114.193.121
298,Conrade,Woodcock,cwoodcock89@nifty.com,Male,68.98.37.19
299,Fawne,Gosford,fgosford8a@free.fr,Female,25.115.156.173
300,Carmine,Di Biasio,cdibiasio8b@youku.com,Male,220.142.219.194
301,Eryn,Canadine,ecanadine8c@wordpress.com,Female,195.109.150.165
302,Leandra,Blockey,lblockey8d@apple.com,Female,157.75.148.254
303,Bertrando,Udell,budell8e@alibaba.com,Male,254.207.189.26
304,Corabelle,Geer,cgeer8f@1und1.de,Female,113.139.163.3
305,Peder,Dash,pdash8g@pinterest.com,Male,135.152.113.10
306,Jamil,Recke,jrecke8h@clickbank.net,Male,163.175.153.94
307,Bathsheba,Davenhall,bdavenhall8i@noaa.gov,Female,41.223.208.203
308,Ester,Rawcliffe,erawcliffe8j@utexas.edu,Female,118.117.79.26
309,Dorolisa,Impy,dimpy8k@ebay.co.uk,Female,44.56.209.153
310,Cindy,Tollfree,ctollfree8l@paginegialle.it,Female,250.190.112.69
311,Amandy,Hertwell,ahertwell8m@163.com,Female,17.234.214.167
312,Winny,De Malchar,wdemalchar8n@senate.gov,Female,242.105.160.199
313,Fredi,Symones,fsymones8o@blogtalkradio.com,Female,83.156.99.76
314,Janeen,Dondon,jdondon8p@miitbeian.gov.cn,Female,193.137.101.247
315,Corabella,Regitz,cregitz8q@harvard.edu,Female,143.215.113.231
316,Nadya,Village,nvillage8r@technorati.com,Female,215.227.128.123
317,Hurley,Sherewood,hsherewood8s@myspace.com,Male,71.247.145.221
318,Layne,Bendixen,lbendixen8t@wiley.com,Female,196.216.69.165
319,Merilyn,Duchenne,mduchenne8u@ox.ac.uk,Female,184.100.193.76
320,Calida,Alekseicik,calekseicik8v@cdbaby.com,Female,45.87.192.73
321,Charissa,Radbourn,cradbourn8w@usatoday.com,Female,224.103.62.129
322,Hank,Oseland,hoseland8x@discuz.net,Male,142.21.184.65
323,Neall,Crawshaw,ncrawshaw8y@ftc.gov,Male,232.110.150.85
324,Berty,Maleby,bmaleby8z@ucoz.com,Male,24.65.166.254
325,Bobbe,Rowles,browles90@prweb.com,Female,189.98.244.179
326,Mamie,Mabe,mmabe91@mozilla.com,Female,179.79.198.44
327,Petronella,Leaburn,pleaburn92@aol.com,Female,87.94.29.68
328,Yoko,Benz,ybenz93@cyberchimps.com,Female,28.90.111.28
329,Nicolais,Welland,nwelland94@is.gd,Male,20.219.120.75
330,Rosemary,Apedaile,rapedaile95@furl.net,Female,8.227.189.91
331,Francklyn,Maslin,fmaslin96@cnn.com,Male,4.9.37.98
332,Lucais,Chevers,lchevers97@barnesandnoble.com,Male,104.28.210.86
333,Bianka,Matthews,bmatthews98@columbia.edu,Female,219.46.172.109
334,Geraldine,Cumbes,gcumbes99@over-blog.com,Female,210.250.255.86
335,Melisse,Bradden,mbradden9a@tiny.cc,Female,19.163.244.16
336,Wainwright,Meekins,wmeekins9b@vimeo.com,Male,170.35.138.51
337,Vance,Goosnell,vgoosnell9c@ezinearticles.com,Male,61.234.192.222
338,Sue,Kobsch,skobsch9d@hubpages.com,Female,140.182.74.171
339,Berne,Shord,bshord9e@wired.com,Male,32.255.120.43
340,Anallise,Reubbens,areubbens9f@goo.ne.jp,Female,188.149.56.59
341,Robinette,Laurant,rlaurant9g@godaddy.com,Female,213.125.41.34
342,Brittne,Tremontana,btremontana9h@loc.gov,Female,189.252.32.209
343,Siffre,MacRierie,smacrierie9i@whitehouse.gov,Male,225.125.146.240
344,Gale,Corkan,gcorkan9j@miitbeian.gov.cn,Female,234.78.4.237
345,Renata,Bever,rbever9k@alexa.com,Female,174.168.14.44
346,Leigh,Estrella,lestrella9l@taobao.com,Male,114.236.224.12
347,Carmella,Carlsson,ccarlsson9m@hibu.com,Female,58.6.124.129
348,Jonas,Wegman,jwegman9n@slate.com,Male,177.252.213.35
349,Emmanuel,Masser,emasser9o@ca.gov,Male,197.113.180.239
350,Parsifal,Kyteley,pkyteley9p@redcross.org,Male,210.91.188.203
351,Tiler,McPartling,tmcpartling9q@washingtonpost.com,Male,189.225.186.164
352,Meghann,Biddiss,mbiddiss9r@themeforest.net,Female,187.80.175.217
353,Eda,Gibbonson,egibbonson9s@weather.com,Female,147.170.236.244
354,Drucie,Furnival,dfurnival9t@un.org,Female,17.17.77.25
355,Darrel,Libbe,dlibbe9u@guardian.co.uk,Male,27.248.249.255
356,Kate,Mingey,kmingey9v@yahoo.co.jp,Female,100.28.1.0
357,Stavro,Ferrari,sferrari9w@parallels.com,Male,247.110.200.230
358,Katleen,Losebie,klosebie9x@usda.gov,Female,228.207.141.99
359,Stephana,Sanper,ssanper9y@seattletimes.com,Female,247.159.180.78
360,Wilhelmine,Bazley,wbazley9z@foxnews.com,Female,230.232.232.79
361,Lethia,Dybell,ldybella0@pbs.org,Female,23.171.75.105
362,Matthew,Ales,malesa1@google.com.au,Male,189.219.112.84
363,Kelley,Paige,kpaigea2@behance.net,Male,14.128.111.52
364,Wilton,Wison,wwisona3@va.gov,Male,163.20.60.27
365,Isacco,Hurndall,ihurndalla4@examiner.com,Male,135.210.32.122
366,Pavia,Coy,pcoya5@example.com,Female,241.119.224.217
367,May,McClenan,mmcclenana6@hugedomains.com,Female,15.210.92.67
368,Finn,Kroll,fkrolla7@nsw.gov.au,Male,113.54.74.177
369,Phylys,Taks,ptaksa8@geocities.jp,Female,221.255.104.155
370,Antin,Askaw,aaskawa9@google.it,Male,29.205.19.93
371,Rosetta,Joisce,rjoisceaa@opera.com,Female,187.215.28.38
372,Rickie,Kirwood,rkirwoodab@tinypic.com,Female,117.81.231.224
373,Mathew,Tregonna,mtregonnaac@npr.org,Male,209.4.211.222
374,Iormina,Culligan,iculliganad@dedecms.com,Female,235.96.233.251
375,Roley,Crosgrove,rcrosgroveae@latimes.com,Male,123.194.21.9
376,Bucky,Culy,bculyaf@ftc.gov,Male,117.98.194.248
377,Estrella,Kleeborn,ekleebornag@4shared.com,Female,84.121.8.65
378,Jonah,Lepick,jlepickah@blogtalkradio.com,Male,151.38.103.112
379,Rance,Richly,rrichlyai@goo.gl,Male,71.129.174.243
380,Jasper,Lowen,jlowenaj@surveymonkey.com,Male,114.33.105.83
381,Merrill,Orts,mortsak@berkeley.edu,Female,59.137.44.253
382,Tanner,Braunlein,tbraunleinal@springer.com,Male,159.8.176.211
383,Gallagher,Reeks,greeksam@prlog.org,Male,217.107.165.213
384,Flss,Duignan,fduignanan@cbsnews.com,Female,227.220.46.137
385,Brion,Derisley,bderisleyao@dailymail.co.uk,Male,91.230.181.248
386,Golda,Payze,gpayzeap@merriam-webster.com,Female,255.235.245.5
387,Spense,Killock,skillockaq@opera.com,Male,16.189.138.61
388,Amie,Viger,avigerar@harvard.edu,Female,73.157.117.209
389,Matt,Player,mplayeras@sina.com.cn,Male,57.128.238.148
390,Gery,Yukhnini,gyukhniniat@wisc.edu,Male,116.16.55.76
391,Dino,Wilson,dwilsonau@wisc.edu,Male,29.26.120.191
392,Halie,Leslie,hleslieav@cbslocal.com,Female,160.122.0.167
393,Carleen,Lanphier,clanphieraw@census.gov,Female,105.141.221.4
394,Ariella,Sweedy,asweedyax@discuz.net,Female,135.95.138.47
395,Susann,Biaggioni,sbiaggioniay@toplist.cz,Female,182.115.45.11
396,Emmalyn,Noone,enooneaz@deviantart.com,Female,218.125.103.93
397,Sarge,Lorinez,slorinezb0@omniture.com,Male,67.15.249.239
398,Elmira,Tregidgo,etregidgob1@moonfruit.com,Female,219.108.255.31
399,Lockwood,Edinburgh,ledinburghb2@un.org,Male,161.255.166.192
400,Arte,Keaveny,akeavenyb3@netlog.com,Male,115.30.220.50
401,Sandor,Bendelow,sbendelowb4@issuu.com,Male,170.81.87.130
402,Gawain,Eykelbosch,geykelboschb5@illinois.edu,Male,82.67.177.168
403,Haskel,Bigham,hbighamb6@disqus.com,Male,193.95.115.140
404,Hobart,Scutts,hscuttsb7@quantcast.com,Male,184.100.111.251
405,Leona,Clewett,lclewettb8@moonfruit.com,Female,56.142.133.167
406,Lucian,Polotti,lpolottib9@woothemes.com,Male,221.160.17.99
407,Jeremie,Kelner,jkelnerba@paypal.com,Male,190.91.37.3
408,Berte,Nyssen,bnyssenbb@admin.ch,Female,103.1.9.51
409,Juanita,Gaynesford,jgaynesfordbc@accuweather.com,Female,153.228.29.136
410,Lemar,Feldmann,lfeldmannbd@marriott.com,Male,248.125.236.214
411,Clemmy,Hakewell,chakewellbe@seattletimes.com,Male,37.152.254.45
412,Nat,Spollen,nspollenbf@imdb.com,Male,168.149.136.223
413,Barnard,Witch,bwitchbg@fema.gov,Male,185.211.225.199
414,Wake,Najera,wnajerabh@g.co,Male,107.96.54.99
415,Urban,Buckingham,ubuckinghambi@soup.io,Male,10.74.194.80
416,Zechariah,McGilbon,zmcgilbonbj@slashdot.org,Male,114.47.154.118
417,Klara,Billyard,kbillyardbk@sciencedaily.com,Female,11.19.162.197
418,Dorey,Greatorex,dgreatorexbl@va.gov,Male,238.238.145.102
419,Lonni,Sutch,lsutchbm@state.tx.us,Female,67.61.144.131
420,Pamela,Bellchamber,pbellchamberbn@amazon.co.uk,Female,153.77.111.171
421,Michaeline,Bendare,mbendarebo@cbc.ca,Female,238.19.42.211
422,Yasmin,Blemings,yblemingsbp@acquirethisname.com,Female,191.14.39.223
423,Sherye,Brecknell,sbrecknellbq@jimdo.com,Female,209.101.229.124
424,Ashli,Gabbotts,agabbottsbr@odnoklassniki.ru,Female,10.254.182.231
425,Warde,Dubber,wdubberbs@360.cn,Male,186.84.135.11
426,Richmound,Howorth,rhoworthbt@twitter.com,Male,209.155.159.234
427,Flory,Garrattley,fgarrattleybu@sohu.com,Male,143.253.6.43
428,Sebastiano,McKissack,smckissackbv@marketwatch.com,Male,177.80.145.63
429,Eugen,Cockton,ecocktonbw@independent.co.uk,Male,191.71.217.224
430,Nolana,Lavies,nlaviesbx@oaic.gov.au,Female,30.132.199.16
431,Jone,Colomb,jcolombby@tinyurl.com,Male,189.164.78.110
432,Josiah,Shoebridge,jshoebridgebz@sohu.com,Male,176.222.32.198
433,Sergei,Dand,sdandc0@blogs.com,Male,32.53.157.147
434,Mil,Althorpe,malthorpec1@blinklist.com,Female,239.93.140.44
435,Morse,Garlant,mgarlantc2@nature.com,Male,82.185.48.171
436,Sharron,MacCarroll,smaccarrollc3@sourceforge.net,Female,135.106.200.189
437,Ferne,Phlipon,fphliponc4@purevolume.com,Female,96.78.182.178
438,Stephanus,Dearsley,sdearsleyc5@bing.com,Male,51.104.208.97
439,Neile,Soan,nsoanc6@youku.com,Female,155.89.213.245
440,Alvie,Duffrie,aduffriec7@lulu.com,Male,246.70.117.62
441,Liana,Gare,lgarec8@odnoklassniki.ru,Female,197.172.71.40
442,Kelci,Di Roberto,kdirobertoc9@archive.org,Female,113.238.55.136
443,Lombard,Gleeton,lgleetonca@istockphoto.com,Male,136.92.198.79
444,Melinde,Hardwin,mhardwincb@wordpress.org,Female,179.153.19.119
445,Gwenora,Guyonnet,gguyonnetcc@naver.com,Female,107.104.214.111
446,Myrwyn,Tregale,mtregalecd@berkeley.edu,Male,212.18.252.195
447,Holly-anne,Whoston,hwhostonce@netvibes.com,Female,161.236.177.48
448,Tessie,Cabbell,tcabbellcf@bing.com,Female,121.75.170.182
449,Maurita,Matovic,mmatoviccg@wiley.com,Female,53.82.227.60
450,Lawrence,Dudney,ldudneych@tripod.com,Male,154.197.249.71
451,Ame,Gurdon,agurdonci@xrea.com,Female,215.66.88.251
452,Randie,Peploe,rpeploecj@soundcloud.com,Male,244.193.229.240
453,Kane,Caulket,kcaulketck@time.com,Male,48.79.11.108
454,Flori,Becerra,fbecerracl@vistaprint.com,Female,229.241.92.114
455,Lilith,Kretchmer,lkretchmercm@amazon.com,Female,87.72.147.167
456,Durant,Tibbles,dtibblescn@51.la,Male,249.91.175.35
457,Carlotta,Pinnell,cpinnellco@taobao.com,Female,62.6.85.234
458,Tracee,Seward,tsewardcp@dagondesign.com,Female,146.103.206.75
459,Idelle,Roscam,iroscamcq@google.com.hk,Female,112.227.43.120
460,Veronike,MacLaren,vmaclarencr@fotki.com,Female,14.74.79.44
461,Quinton,Marion,qmarioncs@livejournal.com,Male,255.229.59.38
462,Donna,Casper,dcasperct@acquirethisname.com,Female,90.57.170.82
463,Reinold,Maher,rmahercu@wix.com,Male,201.160.160.127
464,Eimile,Simonsen,esimonsencv@joomla.org,Female,31.6.46.201
465,Darcy,Center,dcentercw@eepurl.com,Male,198.16.202.153
466,Thia,Skuce,tskucecx@toplist.cz,Female,98.76.123.109
467,Elvera,Ciccottio,eciccottiocy@dion.ne.jp,Female,192.114.174.84
468,Taylor,Caldwell,tcaldwellcz@timesonline.co.uk,Male,177.51.79.41
469,Durand,Postance,dpostanced0@pcworld.com,Male,66.105.120.230
470,Anders,Sawers,asawersd1@deviantart.com,Male,83.120.218.189
471,Felice,Constantine,fconstantined2@linkedin.com,Male,69.100.145.148
472,Eada,Lindenboim,elindenboimd3@howstuffworks.com,Female,92.12.25.110
473,Theodoric,Worledge,tworledged4@i2i.jp,Male,222.108.166.199
474,Raffarty,Linscott,rlinscottd5@technorati.com,Male,1.125.83.98
475,Birgitta,Davsley,bdavsleyd6@cam.ac.uk,Female,214.65.107.105
476,Harper,Nelle,hnelled7@businesswire.com,Male,214.225.15.184
477,Tito,Keith,tkeithd8@1688.com,Male,52.36.96.147
478,Beverly,Feaveer,bfeaveerd9@reddit.com,Female,89.58.131.22
479,Cristian,Leaver,cleaverda@google.co.uk,Male,242.90.99.213
480,Bettye,Culbard,bculbarddb@zimbio.com,Female,178.103.159.246
481,Maynord,Leemans,mleemansdc@dion.ne.jp,Male,95.191.179.94
482,Renaldo,Sargint,rsargintdd@mlb.com,Male,242.89.221.23
483,Lind,Mackilpatrick,lmackilpatrickde@github.io,Female,46.237.17.40
484,Esta,Tombleson,etomblesondf@miibeian.gov.cn,Female,22.35.240.7
485,Mallorie,Huckett,mhuckettdg@php.net,Female,103.21.54.118
486,Lilly,Parmeter,lparmeterdh@amazon.co.jp,Female,122.227.161.243
487,Cordell,Sives,csivesdi@ted.com,Male,123.228.75.216
488,Amby,Tutsell,atutselldj@hexun.com,Male,63.144.251.249
489,Sherry,Sherwen,ssherwendk@w3.org,Female,247.141.60.48
490,Morganica,Brassill,mbrassilldl@ox.ac.uk,Female,65.57.34.34
491,Penny,Louch,plouchdm@themeforest.net,Male,241.203.4.4
492,Truda,Goalley,tgoalleydn@wp.com,Female,61.197.31.15
493,Leonidas,Pincked,lpinckeddo@twitpic.com,Male,151.85.27.22
494,Teriann,Wilsher,twilsherdp@facebook.com,Female,5.179.130.75
495,Johnny,Lyles,jlylesdq@usatoday.com,Male,125.51.37.116
496,Kathy,Fibbitts,kfibbittsdr@1688.com,Female,174.169.49.28
497,Jackie,Nesey,jneseyds@uol.com.br,Male,93.245.100.244
498,Karlie,Whitrod,kwhitroddt@yelp.com,Female,107.69.229.158
499,Elene,Drury,edrurydu@nps.gov,Female,69.90.1.55
500,Nicolis,Watkiss,nwatkissdv@issuu.com,Male,226.129.102.201
501,Shelby,Bredbury,sbredburydw@phoca.cz,Female,190.69.20.122
502,Tomaso,Dennerley,tdennerleydx@google.it,Male,67.62.120.169
503,Erhard,Bartelli,ebartellidy@berkeley.edu,Male,216.38.150.125
504,Harli,Patzelt,hpatzeltdz@google.nl,Female,232.146.121.164
505,Anton,Gartland,agartlande0@amazon.de,Male,191.26.64.129
506,Georgie,Cuniffe,gcuniffee1@yandex.ru,Male,146.165.70.63
507,Harli,Simmens,hsimmense2@prlog.org,Female,171.45.210.251
508,Elenore,Beagin,ebeagine3@last.fm,Female,198.238.150.127
509,Jacklin,Forsyth,jforsythe4@blinklist.com,Female,94.75.123.254
510,Tuesday,Corbridge,tcorbridgee5@t.co,Female,180.142.97.206
511,Yehudit,Neave,yneavee6@hao123.com,Male,91.56.89.251
512,Anastasie,Fortnam,afortname7@odnoklassniki.ru,Female,196.242.154.244
513,Felicio,Croydon,fcroydone8@google.pl,Male,126.115.114.175
514,Berget,Tuting,btutinge9@livejournal.com,Female,45.239.233.96
515,Marlie,Hawarden,mhawardenea@imdb.com,Female,0.43.52.182
516,Bambie,Trubshaw,btrubshaweb@state.tx.us,Female,147.213.20.125
517,Cordelie,Gourlay,cgourlayec@twitter.com,Female,82.213.232.153
518,Waiter,Meanwell,wmeanwelled@fc2.com,Male,245.185.195.119
519,Nikolaus,Weiner,nweineree@sina.com.cn,Male,244.127.202.3
520,Clyve,Schimaschke,cschimaschkeef@naver.com,Male,175.11.179.234
521,Raffaello,Hanner,rhannereg@huffingtonpost.com,Male,216.213.221.122
522,Brocky,Sloss,bslosseh@opensource.org,Male,5.9.6.84
523,Budd,Wisniewski,bwisniewskiei@pcworld.com,Male,191.241.178.162
524,Georgianna,Bollard,gbollardej@uiuc.edu,Female,205.14.228.254
525,Floria,Hairsnape,fhairsnapeek@state.tx.us,Female,88.45.60.243
526,Lurette,Paulus,lpaulusel@spiegel.de,Female,66.151.26.81
527,Butch,Petticrew,bpetticrewem@google.pl,Male,109.241.35.93
528,Currie,Cowton,ccowtonen@prlog.org,Male,104.133.246.188
529,Inglis,Sherrard,isherrardeo@latimes.com,Male,49.32.229.75
530,Madel,Mounfield,mmounfieldep@shutterfly.com,Female,39.127.69.37
531,Denice,Filmer,dfilmereq@live.com,Female,110.37.175.187
532,Vidovik,Featherstonhaugh,vfeatherstonhaugher@issuu.com,Male,29.242.137.243
533,Krishnah,Ciccoloi,kciccoloies@cbc.ca,Male,114.222.77.19
534,Hamilton,Chesman,hchesmanet@istockphoto.com,Male,121.195.193.251
535,Maury,Bradburn,mbradburneu@arstechnica.com,Male,174.60.152.218
536,Milzie,Balston,mbalstonev@princeton.edu,Female,231.27.108.57
537,Mala,Whitticks,mwhitticksew@wp.com,Female,17.29.79.219
538,Idell,Duddy,iduddyex@51.la,Female,145.95.132.112
539,Kylynn,Hritzko,khritzkoey@seattletimes.com,Female,63.241.97.231
540,Lauritz,Coytes,lcoytesez@feedburner.com,Male,171.133.233.204
541,Ambrosius,Mustchin,amustchinf0@slideshare.net,Male,165.158.207.20
542,Ford,Thatcham,fthatchamf1@nationalgeographic.com,Male,196.131.160.236
543,Linc,Garrould,lgarrouldf2@ca.gov,Male,195.255.150.44
544,Lauree,Speek,lspeekf3@feedburner.com,Female,209.60.236.223
545,Nina,Creavin,ncreavinf4@kickstarter.com,Female,229.123.125.193
546,Cori,Vignal,cvignalf5@cpanel.net,Female,62.246.29.230
547,Clemmy,Wurz,cwurzf6@spotify.com,Male,25.249.38.178
548,Bernadina,Burdytt,bburdyttf7@usnews.com,Female,159.76.146.120
549,Nobie,Saturley,nsaturleyf8@guardian.co.uk,Male,130.226.19.213
550,Mattias,Moret,mmoretf9@ebay.co.uk,Male,100.76.12.37
551,Phillipp,Applin,papplinfa@wikispaces.com,Male,154.192.36.184
552,Gill,Wilcher,gwilcherfb@amazonaws.com,Female,115.187.11.233
553,Reid,Flacknell,rflacknellfc@comsenz.com,Male,101.147.151.206
554,Upton,Earle,uearlefd@behance.net,Male,123.185.31.14
555,Nye,Aldwick,naldwickfe@com.com,Male,244.141.219.127
556,Reagen,Westraw,rwestrawff@arstechnica.com,Male,197.182.26.121
557,Cati,Papierz,cpapierzfg@google.de,Female,18.91.8.165
558,May,Tregenna,mtregennafh@shareasale.com,Female,161.97.134.143
559,Ingar,Grigorey,igrigoreyfi@aol.com,Male,165.223.209.199
560,Wendall,Dive,wdivefj@go.com,Male,166.122.179.100
561,Celeste,Allott,callottfk@hhs.gov,Female,104.221.30.156
562,Vasili,Geale,vgealefl@people.com.cn,Male,175.183.17.148
563,Adah,Ewbanche,aewbanchefm@eepurl.com,Female,55.30.206.52
564,Alvie,Carson,acarsonfn@ucsd.edu,Male,181.244.38.207
565,Tonnie,Senechault,tsenechaultfo@de.vu,Male,10.88.240.246
566,Alessandro,Skiplorne,askiplornefp@wired.com,Male,212.207.10.0
567,Reg,Klimowicz,rklimowiczfq@nyu.edu,Male,91.153.123.126
568,Deb,Feldbaum,dfeldbaumfr@umn.edu,Female,132.70.197.104
569,Marilin,Rainard,mrainardfs@nytimes.com,Female,34.45.248.216
570,Mellie,Nesby,mnesbyft@irs.gov,Female,91.36.229.8
571,Rona,Gantzer,rgantzerfu@mashable.com,Female,184.103.181.250
572,Ynez,Twallin,ytwallinfv@ca.gov,Female,86.165.12.154
573,Burlie,McTrustam,bmctrustamfw@shareasale.com,Male,198.182.15.91
574,Erma,Gebbie,egebbiefx@twitter.com,Female,163.161.39.162
575,Muffin,Depke,mdepkefy@google.com.br,Female,202.150.151.140
576,Manfred,Prue,mpruefz@oakley.com,Male,220.203.6.201
577,Ethelbert,Zannotelli,ezannotellig0@123-reg.co.uk,Male,14.33.120.16
578,Keelia,Robet,krobetg1@bloglovin.com,Female,73.132.60.136
579,Milicent,Luck,mluckg2@house.gov,Female,227.1.186.177
580,Andriana,Kleint,akleintg3@gnu.org,Female,108.17.140.253
581,Ervin,Matisse,ematisseg4@godaddy.com,Male,112.49.80.35
582,Revkah,Lomb,rlombg5@nih.gov,Female,87.108.201.35
583,Lena,Huglin,lhugling6@elpais.com,Female,171.24.205.85
584,Dorella,Hanscome,dhanscomeg7@themeforest.net,Female,95.221.74.62
585,Trescha,McIlwaine,tmcilwaineg8@creativecommons.org,Female,55.164.131.80
586,Berty,Edds,beddsg9@sakura.ne.jp,Male,159.253.178.247
587,Auroora,Thurlbourne,athurlbournega@google.com,Female,47.31.96.116
588,Ham,Baiden,hbaidengb@booking.com,Male,156.131.66.75
589,Phillip,Sharrock,psharrockgc@pagesperso-orange.fr,Male,204.184.146.90
590,Jane,McKnockiter,jmcknockitergd@dailymail.co.uk,Female,149.75.39.249
591,Elsworth,Deveril,edeverilge@artisteer.com,Male,95.166.248.45
592,Abby,Uphill,auphillgf@mail.ru,Male,204.161.75.246
593,Corrianne,Quye,cquyegg@devhub.com,Female,147.191.234.102
594,Temp,Seneschal,tseneschalgh@china.com.cn,Male,253.57.202.193
595,Linet,Shearstone,lshearstonegi@princeton.edu,Female,154.200.201.187
596,Fitz,Madgwick,fmadgwickgj@macromedia.com,Male,164.140.107.237
597,Abby,Ashlee,aashleegk@domainmarket.com,Male,254.197.165.84
598,Toma,Zanicchelli,tzanicchelligl@facebook.com,Female,224.90.137.25
599,Moses,Kirvell,mkirvellgm@netlog.com,Male,14.36.215.195
600,Zachery,Lummus,zlummusgn@telegraph.co.uk,Male,28.121.74.218
601,Aurie,Deedes,adeedesgo@jiathis.com,Female,41.233.84.231
602,Mareah,Stainson,mstainsongp@parallels.com,Female,165.122.39.250
603,Ortensia,Body,obodygq@pinterest.com,Female,118.92.5.143
604,Mahmoud,Wilcot,mwilcotgr@fotki.com,Male,129.175.121.198
605,Shayne,Josefovic,sjosefovicgs@storify.com,Female,12.110.25.105
606,Vivi,Gaspero,vgasperogt@sciencedaily.com,Female,17.63.52.49
607,Bevon,Redwing,bredwinggu@alibaba.com,Male,234.238.103.158
608,Ruperta,Rosenstock,rrosenstockgv@cnbc.com,Female,198.92.9.237
609,Pearle,Tuftin,ptuftingw@archive.org,Female,44.29.133.130
610,Konstanze,Clowton,kclowtongx@sciencedirect.com,Female,51.144.112.177
611,Livy,Trase,ltrasegy@weebly.com,Female,249.62.3.184
612,Teresita,Whetnell,twhetnellgz@cargocollective.com,Female,81.167.46.33
613,Mehetabel,Statton,mstattonh0@nih.gov,Female,96.138.145.59
614,Kingston,Pennoni,kpennonih1@rakuten.co.jp,Male,223.96.26.245
615,Minna,Fergyson,mfergysonh2@businessweek.com,Female,200.34.144.246
616,Curt,Leahey,cleaheyh3@phpbb.com,Male,90.6.177.157
617,Gabriella,McVeighty,gmcveightyh4@walmart.com,Female,98.69.91.217
618,Luigi,Phillipps,lphillippsh5@woothemes.com,Male,253.41.159.87
619,Yetty,Beecraft,ybeecrafth6@linkedin.com,Female,21.141.194.207
620,Rana,Batrim,rbatrimh7@mediafire.com,Female,224.99.68.90
621,Randy,Kunath,rkunathh8@apache.org,Female,218.55.162.250
622,Quentin,Rosier,qrosierh9@java.com,Male,5.81.49.86
623,Skippy,Lodemann,slodemannha@unblog.fr,Male,252.155.235.221
624,Emylee,Golden,egoldenhb@engadget.com,Female,152.128.166.90
625,Johnny,Snelson,jsnelsonhc@nba.com,Male,48.220.251.183
626,Alika,Lortz,alortzhd@walmart.com,Female,30.193.147.87
627,Fransisco,Oxbrough,foxbroughhe@dmoz.org,Male,18.62.66.150
628,Sheela,Askin,saskinhf@fc2.com,Female,41.231.18.74
629,Leelah,Cranston,lcranstonhg@nba.com,Female,136.141.127.28
630,Josee,Pembery,jpemberyhh@etsy.com,Female,166.132.246.1
631,Paquito,Handes,phandeshi@geocities.com,Male,35.29.224.252
632,Elysee,Whybrow,ewhybrowhj@biblegateway.com,Female,68.0.8.151
633,Peirce,Chomicz,pchomiczhk@jigsy.com,Male,102.177.251.28
634,Miranda,Tibbits,mtibbitshl@archive.org,Female,241.13.50.190
635,Ilysa,Girard,igirardhm@angelfire.com,Female,251.85.174.54
636,Malissa,Zoppo,mzoppohn@surveymonkey.com,Female,210.86.46.100
637,Bald,Forde,bfordeho@blog.com,Male,13.13.78.187
638,Mandy,Hutley,mhutleyhp@t-online.de,Female,225.196.175.64
639,Marvin,Dilrew,mdilrewhq@edublogs.org,Male,43.180.69.155
640,Maury,Sergeant,msergeanthr@google.cn,Male,0.221.50.211
641,Cairistiona,Lapree,clapreehs@phpbb.com,Female,142.71.79.219
642,Gilbert,Thiolier,gthiolierht@ehow.com,Male,255.50.195.84
643,Herminia,Prawle,hprawlehu@earthlink.net,Female,249.21.208.160
644,Pammy,Sleight,psleighthv@rediff.com,Female,132.70.163.17
645,Torin,De Mars,tdemarshw@github.io,Male,64.153.218.0
646,Melodee,Shackle,mshacklehx@army.mil,Female,168.96.6.69
647,Gertrud,Gabler,ggablerhy@forbes.com,Female,125.27.181.77
648,Dore,Finnick,dfinnickhz@senate.gov,Male,135.204.219.163
649,Dale,Cromar,dcromari0@free.fr,Male,243.197.136.24
650,Dru,Candelin,dcandelini1@archive.org,Female,175.4.193.249
651,Letisha,Setterington,lsetteringtoni2@house.gov,Female,1.160.56.62
652,Micaela,Carrel,mcarreli3@wunderground.com,Female,111.101.169.153
653,Seymour,Cornill,scornilli4@wp.com,Male,71.110.169.79
654,Sig,Sales,ssalesi5@redcross.org,Male,206.13.29.78
655,Tobe,Peirone,tpeironei6@washingtonpost.com,Female,27.5.70.165
656,Esteban,Leibold,eleiboldi7@nifty.com,Male,69.18.65.53
657,Dennis,Lind,dlindi8@shareasale.com,Male,4.8.194.8
658,Karlotte,Templeman,ktemplemani9@boston.com,Female,64.142.114.186
659,Drucill,Moulds,dmouldsia@discovery.com,Female,8.78.76.189
660,Louisette,Spadazzi,lspadazziib@ebay.co.uk,Female,237.190.30.82
661,Darline,Faircliff,dfaircliffic@google.it,Female,72.141.241.51
662,Adina,Obbard,aobbardid@artisteer.com,Female,172.61.74.96
663,Allissa,Strongitharm,astrongitharmie@cam.ac.uk,Female,150.168.26.96
664,Ethelyn,Olner,eolnerif@npr.org,Female,44.138.67.56
665,Becka,Gideon,bgideonig@twitter.com,Female,213.233.45.210
666,Pooh,Pitcher,ppitcherih@gizmodo.com,Male,119.134.239.60
667,Mannie,Pellatt,mpellattii@theglobeandmail.com,Male,232.39.113.179
668,Alene,Linford,alinfordij@newyorker.com,Female,194.84.232.224
669,Mile,Ference,mferenceik@google.ca,Male,172.207.205.171
670,Shermie,Bampfield,sbampfieldil@livejournal.com,Male,124.119.204.85
671,Clarinda,Albinson,calbinsonim@reverbnation.com,Female,232.143.63.76
672,Fiann,Hawkshaw,fhawkshawin@shutterfly.com,Female,13.156.33.203
673,Di,Steddall,dsteddallio@washington.edu,Female,191.169.137.48
674,Jeana,Lutman,jlutmanip@fotki.com,Female,86.211.154.134
675,Bobinette,Bellsham,bbellshamiq@ocn.ne.jp,Female,188.185.26.164
676,Avril,Ireland,airelandir@moonfruit.com,Female,255.246.184.232
677,Sammie,Borland,sborlandis@amazon.co.jp,Male,123.174.218.73
678,Sarena,Athy,sathyit@cbc.ca,Female,252.143.72.250
679,Nikolia,Quinnell,nquinnelliu@dyndns.org,Female,91.81.213.158
680,Lorry,Grogor,lgrogoriv@examiner.com,Male,194.205.238.105
681,Kennith,Van der Mark,kvandermarkiw@jiathis.com,Male,112.62.248.105
682,Ave,Knightsbridge,aknightsbridgeix@gravatar.com,Male,120.55.224.249
683,Phyllys,Regi,pregiiy@theatlantic.com,Female,200.121.51.102
684,Vivia,Flemming,vflemmingiz@weebly.com,Female,221.77.58.236
685,Vick,Dade,vdadej0@youtube.com,Male,123.71.59.136
686,Elane,Hugk,ehugkj1@yahoo.com,Female,242.159.141.106
687,Oberon,Molfino,omolfinoj2@ucla.edu,Male,19.65.56.128
688,Pavlov,Knowlton,pknowltonj3@zimbio.com,Male,49.13.15.64
689,Redford,Degg,rdeggj4@xing.com,Male,29.111.205.25
690,Rana,Nowick,rnowickj5@answers.com,Female,85.56.130.143
691,Alis,Blackstone,ablackstonej6@rakuten.co.jp,Female,67.146.150.113
692,Cherianne,Norman,cnormanj7@illinois.edu,Female,223.203.33.159
693,Aylmer,Yeliashev,ayeliashevj8@github.com,Male,167.175.116.174
694,Leola,Lipsett,llipsettj9@va.gov,Female,240.232.14.65
695,Hobey,Slatten,hslattenja@miitbeian.gov.cn,Male,59.150.207.246
696,Reeba,Raddon,rraddonjb@goo.ne.jp,Female,196.127.214.190
697,Merrily,Enston,menstonjc@friendfeed.com,Female,6.168.78.151
698,Axe,Stickens,astickensjd@histats.com,Male,22.38.102.231
699,Whitney,Wroughton,wwroughtonje@nbcnews.com,Male,169.30.71.170
700,Babette,Lemonnier,blemonnierjf@youtu.be,Female,219.229.142.135
701,Othilia,Sines,osinesjg@pen.io,Female,239.37.18.52
702,Levey,Odcroft,lodcroftjh@people.com.cn,Male,33.146.126.61
703,Margarethe,Dranfield,mdranfieldji@geocities.jp,Female,37.83.165.219
704,Dicky,Eassom,deassomjj@cnbc.com,Male,8.50.198.238
705,Sibby,Yacobsohn,syacobsohnjk@theguardian.com,Female,197.63.228.164
706,Sheilah,Burnhill,sburnhilljl@vkontakte.ru,Female,237.224.102.180
707,Sofie,Fyrth,sfyrthjm@java.com,Female,4.243.138.89
708,Micky,Blasetti,mblasettijn@reuters.com,Female,199.204.20.6
709,Noby,Elden,neldenjo@php.net,Male,148.91.191.220
710,Alvin,O' Mullane,aomullanejp@weibo.com,Male,242.213.192.122
711,Ruby,Kestian,rkestianjq@comcast.net,Female,151.201.196.87
712,Caitlin,Tully,ctullyjr@google.it,Female,132.244.150.150
713,Thekla,Regus,tregusjs@nsw.gov.au,Female,99.60.128.106
714,Lauren,Marthen,lmarthenjt@guardian.co.uk,Male,236.204.174.25
715,Sofie,Goodayle,sgoodayleju@sfgate.com,Female,64.222.116.249
716,Erinna,Passfield,epassfieldjv@pbs.org,Female,150.210.193.130
717,Sergeant,Slobom,sslobomjw@examiner.com,Male,114.100.80.155
718,Cher,Tudhope,ctudhopejx@microsoft.com,Female,95.103.240.119
719,Christiano,Bloxsom,cbloxsomjy@chronoengine.com,Male,185.105.135.127
720,Sidoney,Cornillot,scornillotjz@jiathis.com,Female,112.135.144.97
721,Vincenty,Schutter,vschutterk0@flavors.me,Male,255.20.76.110
722,Tedi,Alfonzo,talfonzok1@exblog.jp,Female,138.83.97.204
723,Nancie,Waller-Bridge,nwallerbridgek2@surveymonkey.com,Female,65.234.197.190
724,Danya,Hanse,dhansek3@admin.ch,Male,237.207.134.195
725,Fifi,McMurrugh,fmcmurrughk4@theguardian.com,Female,247.182.208.133
726,Gene,Gallymore,ggallymorek5@ow.ly,Female,45.165.138.140
727,Devonna,Tegler,dteglerk6@merriam-webster.com,Female,159.37.246.133
728,Codee,Middlemist,cmiddlemistk7@php.net,Female,79.99.22.102
729,Dougy,Murrthum,dmurrthumk8@addtoany.com,Male,51.95.47.255
730,Phillip,Kettell,pkettellk9@e-recht24.de,Male,38.182.158.149
731,Lizzy,Monkton,lmonktonka@domainmarket.com,Female,175.11.144.68
732,Lu,Pottle,lpottlekb@vk.com,Female,200.78.0.105
733,Thebault,Busk,tbuskkc@mapy.cz,Male,19.74.123.209
734,Dotti,Guyer,dguyerkd@slashdot.org,Female,1.76.115.111
735,Clarine,Kellar,ckellarke@purevolume.com,Female,118.251.88.18
736,Sophi,Tebbit,stebbitkf@cnn.com,Female,207.168.6.70
737,Curtice,Drillot,cdrillotkg@ft.com,Male,153.4.163.7
738,Tally,Fanton,tfantonkh@pen.io,Male,176.151.236.116
739,Celinda,Goodson,cgoodsonki@bloglovin.com,Female,26.7.189.60
740,Vasili,Dalgarno,vdalgarnokj@51.la,Male,90.21.134.92
741,Adorne,Buick,abuickkk@google.com.au,Female,71.178.76.61
742,Ole,Rodda,oroddakl@mashable.com,Male,21.184.221.132
743,Pat,Eginton,pegintonkm@webnode.com,Male,41.219.98.221
744,Bay,Rivaland,brivalandkn@tinyurl.com,Male,175.171.230.202
745,Ario,Scarratt,ascarrattko@noaa.gov,Male,31.90.159.236
746,Torin,Esche,teschekp@timesonline.co.uk,Male,201.4.22.86
747,Berkley,Raddon,braddonkq@vinaora.com,Male,38.201.1.239
748,Joanna,Laverick,jlaverickkr@sitemeter.com,Female,181.25.249.83
749,Queenie,Rodliff,qrodliffks@nature.com,Female,235.9.188.95
750,Yard,Thickpenny,ythickpennykt@google.it,Male,113.60.250.173
751,Jerome,Arnaudot,jarnaudotku@gov.uk,Male,247.224.38.38
752,Shelbi,Westlake,swestlakekv@cbc.ca,Female,159.251.45.246
753,Christye,Giacovetti,cgiacovettikw@tumblr.com,Female,76.198.184.168
754,Lolly,Harper,lharperkx@dagondesign.com,Female,218.30.135.160
755,Keefe,Gooda,kgoodaky@mozilla.org,Male,129.94.45.177
756,Joletta,Klimus,jklimuskz@tripod.com,Female,34.59.117.252
757,Miguelita,Casellas,mcasellasl0@gmpg.org,Female,59.193.231.40
758,Ulrich,Sudlow,usudlowl1@tumblr.com,Male,110.10.153.159
759,Jacques,Pentycross,jpentycrossl2@thetimes.co.uk,Male,68.150.96.125
760,Pamelina,Spata,pspatal3@scientificamerican.com,Female,235.59.229.188
761,Katherine,Culpen,kculpenl4@dagondesign.com,Female,170.50.103.140
762,Iver,Adolthine,iadolthinel5@xing.com,Male,4.5.10.160
763,Erda,Bellino,ebellinol6@php.net,Female,34.33.122.181
764,Maisey,Dillintone,mdillintonel7@state.gov,Female,143.86.216.61
765,Hanna,Han,hhanl8@stanford.edu,Female,134.198.104.223
766,Norbert,Truin,ntruinl9@who.int,Male,115.234.18.22
767,Brynna,Habbin,bhabbinla@example.com,Female,73.150.43.72
768,Pooh,Campbell-Dunlop,pcampbelldunloplb@xing.com,Female,76.151.244.19
769,Belva,McCord,bmccordlc@addthis.com,Female,198.3.103.254
770,Dara,Kieff,dkieffld@kickstarter.com,Female,179.171.190.238
771,Inness,Grishankov,igrishankovle@livejournal.com,Male,25.217.143.76
772,Margalo,Colombier,mcolombierlf@hhs.gov,Female,125.196.226.160
773,Persis,Pedrollo,ppedrollolg@xrea.com,Female,164.124.146.85
774,Diane-marie,Aulsford,daulsfordlh@php.net,Female,73.102.53.122
775,Donella,Uccello,duccelloli@goo.ne.jp,Female,94.94.230.241
776,Sebastien,Lechmere,slechmerelj@weebly.com,Male,39.121.175.169
777,Zed,Cutbirth,zcutbirthlk@shareasale.com,Male,22.162.216.241
778,Marcellus,Beardsall,mbeardsallll@myspace.com,Male,232.218.58.34
779,Gerri,Tidcomb,gtidcomblm@addthis.com,Female,183.51.108.101
780,Galven,Jedrzaszkiewicz,gjedrzaszkiewiczln@infoseek.co.jp,Male,0.209.136.188
781,Almeria,Phear,aphearlo@naver.com,Female,213.68.30.168
782,Cory,Devany,cdevanylp@boston.com,Male,181.148.171.42
783,Valerye,Philipeaux,vphilipeauxlq@bloomberg.com,Female,13.172.234.83
784,Cyrill,Edgeworth,cedgeworthlr@cisco.com,Male,121.227.6.198
785,Antoinette,Blanchflower,ablanchflowerls@blog.com,Female,96.171.135.140
786,Karmen,Bawle,kbawlelt@alibaba.com,Female,243.123.122.236
787,Aurie,McGavin,amcgavinlu@1688.com,Female,111.111.39.208
788,Sean,Canter,scanterlv@ihg.com,Female,104.58.45.16
789,Mariana,Bartle,mbartlelw@pcworld.com,Female,5.145.151.13
790,Kippar,Minchi,kminchilx@weather.com,Male,65.110.132.62
791,Gale,Care,gcarely@bloomberg.com,Female,129.120.180.20
792,Sutherland,Iwanicki,siwanickilz@rakuten.co.jp,Male,233.105.152.54
793,Pennie,Keane,pkeanem0@businessinsider.com,Female,240.217.123.245
794,Jeannie,Bearblock,jbearblockm1@businessinsider.com,Female,122.246.56.255
795,Sonnie,Tiffney,stiffneym2@goo.ne.jp,Female,44.215.40.6
796,Shellysheldon,Aireton,sairetonm3@cloudflare.com,Male,190.175.181.144
797,Ferd,Udall,fudallm4@purevolume.com,Male,77.88.247.151
798,Lilias,Justun,ljustunm5@yahoo.com,Female,89.78.150.45
799,Antonius,Sollam,asollamm6@blinklist.com,Male,149.249.250.130
800,Franciskus,Binley,fbinleym7@seesaa.net,Male,177.131.176.208
801,Obidiah,Gonnin,ogonninm8@mediafire.com,Male,90.188.236.82
802,Rriocard,Aynold,raynoldm9@mozilla.com,Male,1.45.219.205
803,Trueman,Shirrell,tshirrellma@blogtalkradio.com,Male,188.6.210.190
804,Ricoriki,Lippitt,rlippittmb@google.pl,Male,234.150.171.209
805,Cam,Crenshaw,ccrenshawmc@livejournal.com,Male,151.150.226.68
806,Emalia,O'Connor,eoconnormd@studiopress.com,Female,191.1.7.220
807,Kitti,Plait,kplaitme@umn.edu,Female,41.127.120.225
808,Reinwald,Coulsen,rcoulsenmf@google.co.jp,Male,39.37.99.28
809,Maxi,Tabert,mtabertmg@jalbum.net,Female,77.77.237.103
810,Filip,Freeman,ffreemanmh@newsvine.com,Male,191.127.125.121
811,Sidonnie,Hassent,shassentmi@reddit.com,Female,228.186.139.76
812,Raimund,O'Kane,rokanemj@fastcompany.com,Male,252.112.46.153
813,Eddie,Ruter,erutermk@trellian.com,Male,217.34.91.30
814,Emanuele,Greber,egreberml@wiley.com,Male,12.125.231.243
815,Maggi,Gobeau,mgobeaumm@salon.com,Female,149.61.9.151
816,Harley,Novotni,hnovotnimn@reference.com,Male,210.190.19.152
817,Sherman,Ellgood,sellgoodmo@mac.com,Male,157.252.111.167
818,Esta,Gaine,egainemp@hugedomains.com,Female,86.106.184.55
819,Humfrey,Olekhov,holekhovmq@wikia.com,Male,121.106.130.184
820,Jervis,Valerius,jvaleriusmr@moonfruit.com,Male,28.33.236.97
821,Jere,Johnys,jjohnysms@un.org,Male,229.49.121.95
822,Melony,Hilhouse,mhilhousemt@instagram.com,Female,124.164.169.142
823,Sacha,Zanetello,szanetellomu@yandex.ru,Female,148.83.11.92
824,Nataline,Molan,nmolanmv@livejournal.com,Female,75.185.129.211
825,Patric,Hayman,phaymanmw@kickstarter.com,Male,122.169.116.43
826,Win,Birth,wbirthmx@fotki.com,Male,162.26.255.48
827,Bobby,Chalfain,bchalfainmy@reference.com,Male,121.64.179.25
828,Enrique,Alam,ealammz@ted.com,Male,94.129.233.82
829,Sayer,Joe,sjoen0@printfriendly.com,Male,211.195.17.155
830,Gerladina,Pepperill,gpepperilln1@joomla.org,Female,119.163.52.8
831,Brear,Barthrup,bbarthrupn2@tinypic.com,Female,244.255.254.183
832,Mack,Linstead,mlinsteadn3@ehow.com,Male,18.70.152.128
833,Conn,Edmonson,cedmonsonn4@ebay.com,Male,28.191.202.235
834,Paquito,Roumier,proumiern5@sphinn.com,Male,228.99.141.153
835,Bram,Sprey,bspreyn6@woothemes.com,Male,6.208.164.194
836,Gorden,Morten,gmortenn7@sbwire.com,Male,39.9.161.59
837,Elayne,Coomer,ecoomern8@pagesperso-orange.fr,Female,245.115.2.183
838,Otto,Marklow,omarklown9@amazon.co.uk,Male,169.88.4.121
839,Karlie,Tejada,ktejadana@usda.gov,Female,152.104.178.32
840,Eb,Sirrell,esirrellnb@biblegateway.com,Male,17.109.161.171
841,Elbertina,Pavlovsky,epavlovskync@g.co,Female,70.255.228.20
842,Latrina,Dowglass,ldowglassnd@biglobe.ne.jp,Female,178.237.130.34
843,Cate,Sterrick,csterrickne@jiathis.com,Female,112.219.192.236
844,Analise,Rimbault,arimbaultnf@chicagotribune.com,Female,121.214.239.123
845,Wood,Bendon,wbendonng@xinhuanet.com,Male,158.234.28.133
846,Susette,Blyth,sblythnh@ocn.ne.jp,Female,18.76.152.187
847,Stan,Martill,smartillni@oakley.com,Male,174.46.80.119
848,Gustie,Latliff,glatliffnj@exblog.jp,Female,172.54.154.213
849,Rakel,Gaunter,rgaunternk@blogspot.com,Female,108.126.4.246
850,Junina,Littrell,jlittrellnl@acquirethisname.com,Female,53.92.6.204
851,Audrey,Lehrmann,alehrmannnm@ycombinator.com,Female,76.32.17.133
852,Carmon,Wapples,cwapplesnn@virginia.edu,Female,254.214.50.135
853,Britte,Succamore,bsuccamoreno@vk.com,Female,220.8.150.80
854,Ondrea,Hauger,ohaugernp@mit.edu,Female,209.94.228.186
855,Uriel,Plant,uplantnq@youtu.be,Male,55.202.22.103
856,Hesther,Llewelyn,hllewelynnr@scientificamerican.com,Female,79.154.133.67
857,Titos,Mansour,tmansourns@indiatimes.com,Male,216.58.204.201
858,Ryon,Kimbell,rkimbellnt@chron.com,Male,30.183.155.239
859,Tate,Gilbanks,tgilbanksnu@washington.edu,Male,49.65.230.230
860,Bess,Lummasana,blummasananv@sciencedaily.com,Female,60.242.132.218
861,Sandra,Moreinis,smoreinisnw@theatlantic.com,Female,46.188.138.18
862,Anallise,Venditti,avendittinx@indiegogo.com,Female,198.91.37.29
863,Rufus,Curcher,rcurcherny@flickr.com,Male,211.185.91.111
864,Vikki,Licciardo,vlicciardonz@cloudflare.com,Female,226.38.9.88
865,Micaela,Gogin,mgogino0@prlog.org,Female,28.140.245.133
866,Estell,Cornhill,ecornhillo1@nsw.gov.au,Female,103.87.188.24
867,Sibyl,Labrone,slabroneo2@4shared.com,Female,245.56.74.188
868,Eustacia,Foale,efoaleo3@hatena.ne.jp,Female,254.208.215.165
869,Jeffy,Reavell,jreavello4@marketwatch.com,Male,11.8.56.41
870,Farleigh,Avann,favanno5@sfgate.com,Male,93.203.180.69
871,Vicki,Ca,vcao6@soundcloud.com,Female,149.152.232.49
872,Raymund,Bullas,rbullaso7@reverbnation.com,Male,62.79.167.51
873,Tiebold,Borthwick,tborthwicko8@soundcloud.com,Male,208.49.27.239
874,Sander,Lambricht,slambrichto9@ow.ly,Male,252.57.129.37
875,Mordy,Feore,mfeoreoa@forbes.com,Male,172.3.230.80
876,Michal,Patchett,mpatchettob@tumblr.com,Female,203.181.113.247
877,Alexander,Labro,alabrooc@springer.com,Male,178.72.248.139
878,Enrico,Riglar,eriglarod@aol.com,Male,237.222.231.20
879,Perice,Van Arsdalen,pvanarsdalenoe@slideshare.net,Male,123.149.37.5
880,Yves,Tiffney,ytiffneyof@google.ru,Male,94.232.62.128
881,Norean,Eldershaw,neldershawog@cdbaby.com,Female,156.65.0.235
882,Orson,Adrien,oadrienoh@statcounter.com,Male,15.92.173.177
883,Sharyl,Zute,szuteoi@tinyurl.com,Female,197.169.73.102
884,Gwendolyn,Derrell,gderrelloj@ihg.com,Female,114.11.223.79
885,Marcelia,Burchfield,mburchfieldok@amazonaws.com,Female,44.233.157.255
886,Colly,Muncie,cmuncieol@yahoo.co.jp,Female,246.210.199.241
887,Beck,Crown,bcrownom@issuu.com,Male,98.75.206.206
888,Sephira,Pencot,spencoton@booking.com,Female,69.136.108.108
889,Kirbee,Atchly,katchlyoo@deliciousdays.com,Female,18.50.250.184
890,Bryon,Harrold,bharroldop@hp.com,Male,82.99.116.203
891,Joey,Pahler,jpahleroq@google.com,Male,137.226.111.135
892,Dee,Picardo,dpicardoor@youtube.com,Female,149.149.133.148
893,Celestine,Flexman,cflexmanos@unicef.org,Female,255.166.165.46
894,Jesselyn,Craigg,jcraiggot@altervista.org,Female,231.90.103.233
895,Allx,Tomowicz,atomowiczou@zdnet.com,Female,238.122.136.100
896,Celka,Cristoforo,ccristoforoov@sphinn.com,Female,233.139.204.37
897,Brandi,Langmuir,blangmuirow@vk.com,Female,170.179.142.210
898,Terry,Sawney,tsawneyox@nyu.edu,Male,66.41.35.60
899,Suzy,McCunn,smccunnoy@loc.gov,Female,161.173.100.238
900,Ludvig,Kingswell,lkingswelloz@instagram.com,Male,56.160.15.30
901,Alanna,Rainger,araingerp0@gravatar.com,Female,68.73.195.249
902,Kenon,Ruddock,kruddockp1@economist.com,Male,64.41.134.37
903,Artemas,Halden,ahaldenp2@walmart.com,Male,46.135.92.30
904,Cedric,Worsfold,cworsfoldp3@vkontakte.ru,Male,146.126.165.48
905,Gena,Reidshaw,greidshawp4@google.pl,Female,36.178.76.187
906,Lorens,Wilson,lwilsonp5@seattletimes.com,Male,56.185.175.243
907,Khalil,Labrom,klabromp6@artisteer.com,Male,137.36.227.59
908,Ignatius,Bibby,ibibbyp7@ocn.ne.jp,Male,59.75.92.53
909,Antoni,Merrigan,amerriganp8@mac.com,Male,239.216.180.248
910,Angelina,Sellers,asellersp9@macromedia.com,Female,149.68.55.49
911,Cathrin,Lease,cleasepa@geocities.jp,Female,18.210.9.3
912,Gene,Coils,gcoilspb@privacy.gov.au,Female,33.80.124.164
913,Linnie,Pipes,lpipespc@webnode.com,Female,21.101.211.187
914,Rebeka,Boriston,rboristonpd@ifeng.com,Female,43.43.145.32
915,Ellsworth,Gerger,egergerpe@privacy.gov.au,Male,99.41.119.169
916,Ermin,Scarfe,escarfepf@com.com,Male,17.154.126.250
917,Tremayne,Yukhnin,tyukhninpg@360.cn,Male,38.176.239.173
918,Crystie,Poinsett,cpoinsettph@redcross.org,Female,29.34.166.113
919,Rickie,Richarson,rricharsonpi@smh.com.au,Male,190.98.200.73
920,Kathrine,Ayers,kayerspj@printfriendly.com,Female,52.226.241.250
921,Gallard,Thirlaway,gthirlawaypk@lycos.com,Male,175.242.192.211
922,Dud,Scrigmour,dscrigmourpl@1und1.de,Male,141.113.134.168
923,Javier,Rotchell,jrotchellpm@woothemes.com,Male,149.8.175.131
924,Alvira,Fawdry,afawdrypn@xrea.com,Female,99.63.126.54
925,Newton,Feake,nfeakepo@youku.com,Male,44.51.82.175
926,Aylmer,Rannells,arannellspp@ftc.gov,Male,132.1.165.61
927,Maxy,Towse,mtowsepq@dailymotion.com,Male,56.53.51.73
928,Marius,Stroder,mstroderpr@edublogs.org,Male,41.41.123.225
929,Burch,Cruttenden,bcruttendenps@answers.com,Male,0.189.168.117
930,Mayor,Penrose,mpenrosept@networksolutions.com,Male,121.143.244.24
931,Salvador,Ceresa,sceresapu@indiegogo.com,Male,227.61.67.64
932,Susy,Hance,shancepv@cdbaby.com,Female,41.227.122.33
933,Mord,Dallin,mdallinpw@nih.gov,Male,152.121.189.129
934,Lindsay,Riccard,lriccardpx@naver.com,Female,151.186.148.24
935,Gregor,Ortet,gortetpy@over-blog.com,Male,151.1.23.195
936,Denyse,Abby,dabbypz@dell.com,Female,72.55.154.103
937,Adrien,Manueau,amanueauq0@webeden.co.uk,Male,202.207.246.243
938,Herby,Garrat,hgarratq1@salon.com,Male,73.147.107.37
939,Blaire,Padilla,bpadillaq2@google.com,Female,151.14.51.131
940,Anthia,Cassius,acassiusq3@theglobeandmail.com,Female,12.154.74.93
941,Brody,Edser,bedserq4@gizmodo.com,Male,81.94.100.128
942,Lara,Ridsdole,lridsdoleq5@cornell.edu,Female,207.138.119.35
943,Cicely,Vigus,cvigusq6@umn.edu,Female,63.138.72.23
944,Ingamar,Tresvina,itresvinaq7@blogspot.com,Male,137.33.70.226
945,Reinaldos,Robbert,rrobbertq8@slashdot.org,Male,108.145.93.120
946,Gearard,Bladen,gbladenq9@wunderground.com,Male,218.152.111.172
947,Padgett,Leggatt,pleggattqa@mapy.cz,Male,239.190.110.176
948,Dino,Wisniewski,dwisniewskiqb@usnews.com,Male,208.152.249.115
949,Ive,Gartery,igarteryqc@google.com.hk,Male,73.210.210.245
950,Robby,Ledgley,rledgleyqd@ning.com,Male,76.247.95.118
951,Shaine,Manass,smanassqe@java.com,Female,15.105.164.18
952,Lolly,Gargett,lgargettqf@t-online.de,Female,18.221.147.90
953,Florrie,Gowen,fgowenqg@eepurl.com,Female,53.47.208.181
954,Mackenzie,Foresight,mforesightqh@netlog.com,Male,149.153.10.251
955,Trix,Hugenin,thugeninqi@flickr.com,Female,208.92.172.177
956,Myca,Eborn,mebornqj@comcast.net,Male,128.234.141.64
957,Chaim,Bartolommeo,cbartolommeoqk@tinyurl.com,Male,88.84.90.109
958,Lodovico,Stidever,lstideverql@lulu.com,Male,108.33.190.52
959,Goddart,Rilston,grilstonqm@altervista.org,Male,246.189.173.85
960,Alyson,Lowre,alowreqn@go.com,Female,200.159.235.114
961,Krishna,Ethington,kethingtonqo@so-net.ne.jp,Male,13.231.41.123
962,Hinda,Cranshaw,hcranshawqp@abc.net.au,Female,233.129.157.151
963,Rozamond,Cockroft,rcockroftqq@pbs.org,Female,108.241.180.5
964,Garwood,Guilliland,gguillilandqr@ameblo.jp,Male,209.239.44.185
965,Bancroft,Stallen,bstallenqs@ycombinator.com,Male,187.106.206.147
966,Dominique,Oxtoby,doxtobyqt@netlog.com,Male,44.99.121.47
967,Adelice,Wegenen,awegenenqu@moonfruit.com,Female,139.20.130.85
968,Bert,Fosbraey,bfosbraeyqv@ow.ly,Female,219.134.102.190
969,Brantley,Pritchitt,bpritchittqw@1688.com,Male,229.20.49.81
970,Dayle,Coot,dcootqx@ycombinator.com,Female,212.223.48.199
971,Crissie,Matheson,cmathesonqy@godaddy.com,Female,44.232.239.40
972,Corbin,Covell,ccovellqz@tumblr.com,Male,113.40.126.170
973,Muffin,Ramiro,mramiror0@state.tx.us,Male,104.248.233.199
974,Barrie,McGrey,bmcgreyr1@nasa.gov,Male,69.21.71.32
975,Laverne,Sleightholme,lsleightholmer2@facebook.com,Female,109.216.156.106
976,Sonja,Walhedd,swalheddr3@blinklist.com,Female,106.22.153.7
977,Modestia,Hatrick,mhatrickr4@merriam-webster.com,Female,245.43.226.113
978,Brander,Urpeth,burpethr5@hc360.com,Male,123.158.203.131
979,Angelia,Deplacido,adeplacidor6@adobe.com,Female,207.174.224.253
980,Yetta,Luffman,yluffmanr7@wisc.edu,Female,84.41.144.27
981,Gussy,Autrie,gautrier8@joomla.org,Female,183.168.96.130
982,Chauncey,Wahner,cwahnerr9@cyberchimps.com,Male,78.232.23.182
983,Brian,Morrid,bmorridra@spotify.com,Male,215.18.133.85
984,Aleen,Dunstan,adunstanrb@about.me,Female,226.236.102.167
985,Ilario,Albasiny,ialbasinyrc@aboutads.info,Male,65.47.12.225
986,Sinclair,Lipman,slipmanrd@posterous.com,Male,249.129.239.255
987,Allie,Bosomworth,abosomworthre@sun.com,Female,130.122.227.151
988,Brynn,McCready,bmccreadyrf@macromedia.com,Female,208.128.141.170
989,Abbe,Crosio,acrosiorg@netlog.com,Male,0.179.254.1
990,Jennette,Heister,jheisterrh@ihg.com,Female,253.214.249.56
991,Ardelis,Attwater,aattwaterri@dyndns.org,Female,206.34.226.214
992,Darrelle,Le Houx,dlehouxrj@amazon.co.uk,Female,218.132.129.127
993,Noellyn,Behning,nbehningrk@dedecms.com,Female,95.29.219.64
994,Serge,Craigmile,scraigmilerl@wordpress.org,Male,6.125.36.13
995,Addy,Samarth,asamarthrm@answers.com,Male,140.41.59.19
996,Mair,Troillet,mtroilletrn@linkedin.com,Female,18.174.169.23
997,Gustavus,Dmych,gdmychro@histats.com,Male,42.121.6.136
998,Eberhard,Wreath,ewreathrp@last.fm,Male,134.213.102.140
999,Carly,Tregien,ctregienrq@spiegel.de,Female,167.172.35.48
1000,Humfrid,Dochon,hdochonrr@wufoo.com,Male,44.72.36.3
